ID,y
69,-484.861433
80,-359.742681
95,-479.991924
98,-301.058249
159,-698.830050
385,-393.266255
418,-271.207415
460,-194.113678
564,-347.197215
584,-401.168233
615,-382.500088
658,-406.402437
695,-541.850195
754,-517.064829
779,-457.758471
948,-383.693560
967,-469.883784
979,-450.580979
1017,-593.805321
