ID,x
76,77.93323394
85,77.63508458
130,69.03210868
231,67.06278324
236,42.4105225
275,94.56821584
321,79.62937988
399,54.10441315
494,87.62020106
612,60.43159224
709,79.0834243
897,86.74956735
929,88.21793216
971,71.99972888
