ID,x
76,77.933234
85,77.635085
130,69.032109
231,67.062783
236,42.410522
275,94.568216
321,79.629380
399,54.104413
494,87.620201
612,60.431592
709,79.083424
897,86.749567
929,88.217932
971,71.999729
