ID,y
69,-484.8614331
80,-359.742681
95,-479.991924
98,-301.0582488
159,-698.83005
385,-393.2662554
418,-271.207415
460,-194.1136779
564,-347.1972154
584,-401.1682335
615,-382.5000879
658,-406.402437
695,-541.8501946
754,-517.0648288
779,-457.758471
948,-383.6935599
967,-469.8837845
979,-450.5809788
1017,-593.8053207
